ingredient,href
aconite,https://www.webmd.com/vitamins/ai/ingredientmono-609/aconite
aga,https://www.webmd.com/vitamins/ai/ingredientmono-190/aga
arum,https://www.webmd.com/vitamins/ai/ingredientmono-209/arum
black-nightshade,https://www.webmd.com/vitamins/ai/ingredientmono-821/black-nightshade
butanediol-bd,https://www.webmd.com/vitamins/ai/ingredientmono-21/butanediol-bd
canadian-hemp,https://www.webmd.com/vitamins/ai/ingredientmono-201/canadian-hemp
ciguatoxins,https://www.webmd.com/vitamins/ai/ingredientmono-766/ciguatoxins
clematis,https://www.webmd.com/vitamins/ai/ingredientmono-628/clematis
corkwood-tree,https://www.webmd.com/vitamins/ai/ingredientmono-461/corkwood-tree
corn-cockle,https://www.webmd.com/vitamins/ai/ingredientmono-910/corn-cockle
croton-seeds,https://www.webmd.com/vitamins/ai/ingredientmono-462/croton-seeds
foxglove,https://www.webmd.com/vitamins/ai/ingredientmono-287/foxglove
hedge-mustard,https://www.webmd.com/vitamins/ai/ingredientmono-601/hedge-mustard
herb-paris,https://www.webmd.com/vitamins/ai/ingredientmono-163/herb-paris
jimson-weed,https://www.webmd.com/vitamins/ai/ingredientmono-921/jimson-weed
levant-berry,https://www.webmd.com/vitamins/ai/ingredientmono-547/levant-berry
madagascar-periwinkle,https://www.webmd.com/vitamins/ai/ingredientmono-637/madagascar-periwinkle
mercury-herb,https://www.webmd.com/vitamins/ai/ingredientmono-567/mercury-herb
mezereon,https://www.webmd.com/vitamins/ai/ingredientmono-568/mezereon
mountain-laurel,https://www.webmd.com/vitamins/ai/ingredientmono-573/mountain-laurel
peru-balsam,https://www.webmd.com/vitamins/ai/ingredientmono-475/peru-balsam
pulsatilla,https://www.webmd.com/vitamins/ai/ingredientmono-633/pulsatilla
savin-tops,https://www.webmd.com/vitamins/ai/ingredientmono-378/savin-tops
squill,https://www.webmd.com/vitamins/ai/ingredientmono-743/squill
stavesacre,https://www.webmd.com/vitamins/ai/ingredientmono-363/stavesacre
tansy,https://www.webmd.com/vitamins/ai/ingredientmono-686/tansy
taumelloolch,https://www.webmd.com/vitamins/ai/ingredientmono-731/taumelloolch
tung-seed,https://www.webmd.com/vitamins/ai/ingredientmono-353/tung-seed
water-hemlock,https://www.webmd.com/vitamins/ai/ingredientmono-948/water-hemlock
white-hellebore,https://www.webmd.com/vitamins/ai/ingredientmono-343/white-hellebore
wild-indigo,https://www.webmd.com/vitamins/ai/ingredientmono-600/wild-indigo
wood-anemone,https://www.webmd.com/vitamins/ai/ingredientmono-178/wood-anemone
woodbine,https://www.webmd.com/vitamins/ai/ingredientmono-259/woodbine
wormseed,https://www.webmd.com/vitamins/ai/ingredientmono-336/wormseed
